"SUID","degree.layout","name","selected","shared name"
"632356","1","ATP1A1","false","ATP1A1"
"633012","1","PIP","false","PIP"
"632357","1","KIAA1324","false","KIAA1324"
"633011","1","AZGP1","false","AZGP1"
"648875","1","FAM129A","false","FAM129A"
"596366","1","KIAA1467","false","KIAA1467"
"648876","1","NKX3-1","false","NKX3-1"
"596365","1","DHCR24","false","DHCR24"
"630595","1","APOBR","false","APOBR"
"630596","2","TBX3","false","TBX3"
"578426","1","SLC39A7","false","SLC39A7"
"578425","1","BAX","false","BAX"
"668840","2","S100A7","false","S100A7"
"602301","1","FHL2","false","FHL2"
"663158","1","TOX3","false","TOX3"
"623523","2","S100A8","false","S100A8"
"652074","1","GLRX","false","GLRX"
"602302","1","TNC","false","TNC"
"663157","1","NANS","false","NANS"
"623524","2","S100A9","false","S100A9"
"616894","1","PITX1","false","PITX1"
"616893","1","NOD2","false","NOD2"
