"SUID","degree.layout","name","selected","shared name"
"799346","2","CREB3","false","CREB3"
"810391","1","ZNF23","false","ZNF23"
"820612","1","AGO2","false","AGO2"
"804101","1","FGB","false","FGB"
"804102","1","FGG","false","FGG"
"829990","1","CYC1","false","CYC1"
"799347","1","GRHPR","false","GRHPR"
"832398","1","EIF2AK1","false","EIF2AK1"
"832728","1","ENTPD4","false","ENTPD4"
"810384","5","IST1","false","IST1"
"801898","1","RHEB","false","RHEB"
"801897","2","DNAJB6","false","DNAJB6"
"832729","1","TNFRSF10B","false","TNFRSF10B"
"810385","1","SF3B3","false","SF3B3"
"801900","1","UBE3C","false","UBE3C"
"810387","1","TERF2IP","false","TERF2IP"
"810389","1","WDR59","false","WDR59"
"836858","1","HGH1","false","HGH1"
"809174","1","IFT20","false","IFT20"
"812881","1","TSC1","false","TSC1"
"812880","1","NACC2","false","NACC2"
"838770","1","KARS","false","KARS"
"838771","1","RFWD3","false","RFWD3"
"809175","1","SDF2","false","SDF2"
"801858","1","LCAT","false","LCAT"
"833236","1","FAM173A","false","FAM173A"
"801857","1","DMPK","false","DMPK"
"793197","1","BUB3","false","BUB3"
"793196","4","BNIP3","false","BNIP3"
"802412","1","YES1","false","YES1"
"817527","1","SLC52A2","false","SLC52A2"
"802411","2","DSG2","false","DSG2"
"817529","1","ZC3H3","false","ZC3H3"
"840966","2","SOX4","false","SOX4"
"840965","1","MARCKSL1","false","MARCKSL1"
"847081","1","VPS28","false","VPS28"
"832399","1","RAC1","false","RAC1"
"834884","1","PPIF","false","PPIF"
"844061","1","PEF1","false","PEF1"
"834883","1","GHITM","false","GHITM"
"827173","1","CEMIP","false","CEMIP"
"816902","13","PTK2","false","PTK2"
"816907","12","SCRIB","false","SCRIB"
"816909","2","SLC39A4","false","SLC39A4"
"833150","1","F7","false","F7"
"822881","1","ATMIN","false","ATMIN"
"816903","3","PUF60","false","PUF60"
"822882","3","USP10","false","USP10"
"816905","2","RPL8","false","RPL8"
"786805","1","ATG4B","false","ATG4B"
"786806","1","COPS7B","false","COPS7B"
"833151","1","KRCC1","false","KRCC1"
"823947","1","BSDC1","false","BSDC1"
"823948","2","TXLNA","false","TXLNA"
"812041","1","MRFAP1L1","false","MRFAP1L1"
"828374","1","CLTA","false","CLTA"
"812040","2","MAEA","false","MAEA"
"812043","1","SLBP","false","SLBP"
"834809","1","GFPT1","false","GFPT1"
"834810","1","RAB1A","false","RAB1A"
"782855","1","ANP32B","false","ANP32B"
"782856","1","TEX10","false","TEX10"
"829047","1","COX4I1","false","COX4I1"
"811843","1","LTF","false","LTF"
"811844","1","PDZK1IP1","false","PDZK1IP1"
"816917","2","ZNF7","false","ZNF7"
"816915","3","ZNF623","false","ZNF623"
"839919","1","ZMYND11","false","ZMYND11"
"816913","1","ZNF250","false","ZNF250"
"813265","2","NME3","false","NME3"
"816911","15","ZNF16","false","ZNF16"
"813266","1","STUB1","false","STUB1"
"798206","1","SCARA3","false","SCARA3"
"798205","1","CLU","false","CLU"
"832255","2","EEF1D","false","EEF1D"
"825575","1","CBFB","false","CBFB"
"805891","1","GLI3","false","GLI3"
"805892","1","SLC9A1","false","SLC9A1"
"846911","1","WNT1","false","WNT1"
"846910","1","TLX3","false","TLX3"
"839918","1","LARP4B","false","LARP4B"
"837283","1","HSF1","false","HSF1"
"819017","1","ZNF34","false","ZNF34"
"823885","2","BOP1","false","BOP1"
"813100","1","NGFRAP1","false","NGFRAP1"
"813101","1","WBP5","false","WBP5"
"817131","1","RBM25","false","RBM25"
"817132","1","ZNF638","false","ZNF638"
"820994","1","AKR1C1","false","AKR1C1"
"819289","1","CDK5","false","CDK5"
"833109","2","EXOSC4","false","EXOSC4"
"819288","1","ABCF2","false","ABCF2"
"820997","1","AKR1C2","false","AKR1C2"
"820995","2","AKR1C3","false","AKR1C3"
"837494","1","HUWE1","false","HUWE1"
"845263","2","PYCRL","false","PYCRL"
"837495","1","TPT1","false","TPT1"
"802441","1","DUSP6","false","DUSP6"
"802442","1","TFPI","false","TFPI"
"812695","1","MTCH1","false","MTCH1"
"812696","1","RNF8","false","RNF8"
"811458","1","TCERG1","false","TCERG1"
"811457","1","LARP1","false","LARP1"
"804561","1","TMF1","false","TMF1"
"812692","1","MT3","false","MT3"
"812693","1","TAL1","false","TAL1"
"804559","1","THAP1","false","THAP1"
"829875","1","CXCL2","false","CXCL2"
"829876","1","IL6","false","IL6"
"804563","1","VDAC3","false","VDAC3"
"793199","1","HILPDA","false","HILPDA"
"831122","2","DGAT1","false","DGAT1"
"835458","1","GPAA1","false","GPAA1"
"793201","1","P4HA1","false","P4HA1"
"798087","2","SPP1","false","SPP1"
"814607","1","SDHA","false","SDHA"
"793203","1","PGK1","false","PGK1"
"831125","1","DGCR6L","false","DGCR6L"
"831126","1","KIF25","false","KIF25"
"798089","4","TREM1","false","TREM1"
"798084","3","CLEC5A","false","CLEC5A"
"824900","2","C8orf33","false","C8orf33"
"798085","2","PLAUR","false","PLAUR"
"802422","2","PTPRF","false","PTPRF"
"802421","1","DSP","false","DSP"
"812706","1","PELP1","false","PELP1"
"809254","1","KAT6A","false","KAT6A"
"812705","1","MYBBP1A","false","MYBBP1A"
"809253","1","IKBKB","false","IKBKB"
"831811","1","DSC2","false","DSC2"
"802706","1","EGR3","false","EGR3"
"826017","1","CDKN2A","false","CDKN2A"
"814606","1","PDCD6","false","PDCD6"
"802705","1","EGR2","false","EGR2"
"830875","1","DDHD2","false","DDHD2"
"826016","1","CCNE1","false","CCNE1"
"834937","1","GINS2","false","GINS2"
"804552","7","FNTA","false","FNTA"
"804553","1","GOLGA7","false","GOLGA7"
"804555","1","POLB","false","POLB"
"804557","1","RNF170","false","RNF170"
