"SUID","degree.layout","name","selected","shared name"
"157927","1","MRPL24","false","MRPL24"
"100742","2","ANP32A","false","ANP32A"
"100745","1","TRADD","false","TRADD"
"100743","1","SNAI2","false","SNAI2"
"38842","1","DIP2A","false","DIP2A"
"38843","1","EMG1","false","EMG1"
"108918","1","BLVRB","false","BLVRB"
"108919","2","PSMB3","false","PSMB3"
"18544","1","BCL2A1","false","BCL2A1"
"18545","1","CLDND1","false","CLDND1"
"72892","1","RALGAPB","false","RALGAPB"
"72891","1","NAA16","false","NAA16"
"14728","1","NF1","false","NF1"
"148673","1","TRAPPC8","false","TRAPPC8"
"14727","1","ATG12","false","ATG12"
"135686","1","FAM208A","false","FAM208A"
"14730","1","ATG13","false","ATG13"
"148672","1","IHH","false","IHH"
"66709","1","SREK1","false","SREK1"
"131616","1","LGMN","false","LGMN"
"161809","1","TFAP2B","false","TFAP2B"
"14731","1","C10orf76","false","C10orf76"
"131615","1","EFNA5","false","EFNA5"
"161808","1","NMNAT2","false","NMNAT2"
"74216","1","OR2S2","false","OR2S2"
"66708","3","KRIT1","false","KRIT1"
"74215","1","NBR1","false","NBR1"
"34376","1","CUL5","false","CUL5"
"110983","1","C5orf28","false","C5orf28"
"3225","1","AHSA1","false","AHSA1"
"3224","1","ACVR1B","false","ACVR1B"
"34377","1","LRRC16A","false","LRRC16A"
