"SUID","degree.layout","name","selected","shared name"
"407405","1","NUP62","false","NUP62"
"407406","1","PRPF31","false","PRPF31"
"382656","1","FXYD3","false","FXYD3"
"398519","1","HSPA5","false","HSPA5"
"398520","1","PDIA3","false","PDIA3"
"405958","1","SMA4","false","SMA4"
"422494","1","AZGP1","false","AZGP1"
"405957","1","NAIP","false","NAIP"
"437356","1","VEGFA","false","VEGFA"
"437355","1","ESM1","false","ESM1"
"383801","2","CLU","false","CLU"
"383802","1","EPHX2","false","EPHX2"
"444346","1","HUWE1","false","HUWE1"
"422495","1","PIP","false","PIP"
"413513","1","SH3BP4","false","SH3BP4"
"382170","1","POP7","false","POP7"
"394468","1","GCLC","false","GCLC"
"444347","1","TPT1","false","TPT1"
"382169","2","CDK5","false","CDK5"
"394469","1","GSTA4","false","GSTA4"
"382654","1","CEACAM6","false","CEACAM6"
"383804","1","SCARA3","false","SCARA3"
"382653","2","CEACAM5","false","CEACAM5"
"429204","1","PYCARD","false","PYCARD"
"429203","1","CFB","false","CFB"
"424516","1","C21orf33","false","C21orf33"
"389554","2","SPRED2","false","SPRED2"
"364022","2","APH1B","false","APH1B"
"424517","1","PRMT2","false","PRMT2"
"389553","1","DUSP6","false","DUSP6"
"399037","3","IFT20","false","IFT20"
"399038","1","KIAA0100","false","KIAA0100"
"364023","1","MICAL3","false","MICAL3"
"364025","1","MR1","false","MR1"
"393757","1","GAPDH","false","GAPDH"
"392850","1","LETM1","false","LETM1"
"417589","1","ADCK2","false","ADCK2"
"393758","1","TPI1","false","TPI1"
"392849","1","FGFR3","false","FGFR3"
"408387","1","SDHA","false","SDHA"
"399042","1","TNFAIP1","false","TNFAIP1"
"408386","1","PDCD6","false","PDCD6"
"399040","1","POLDIP2","false","POLDIP2"
"391139","1","FAF1","false","FAF1"
"391140","1","NRD1","false","NRD1"
